Transaction ID,Customer ID,Transaction Date,Amount
T001,C092,08-12-2023,5080
T002,C076,31-07-2024,41206
T003,C032,30-12-2024,45791
T004,C099,17-09-2024,44943
T005,C077,23-08-2024,37188
T006,C006,19-01-2025,35013
T007,C055,16-07-2024,4619
T008,C065,14-03-2025,22462
T009,C002,30-07-2024,32225
T010,C014,14-06-2024,23836
T011,C082,11-12-2024,46454
T012,C020,26-12-2024,11643
T013,C094,29-03-2025,42728
T014,C035,21-08-2024,35369
T015,C100,16-08-2024,30565
T016,C056,20-12-2024,21222
T017,C032,22-12-2024,18379
T018,C058,01-10-2023,49283
T019,C060,29-04-2024,40098
T020,C086,14-12-2024,22146
T021,C004,09-10-2024,21400
T022,C024,12-07-2025,14001
T023,C046,27-11-2024,17031
T024,C044,03-08-2024,39169
T025,C090,02-07-2024,36524
T026,C002,06-11-2024,12621
T027,C011,23-11-2023,47290
T028,C053,14-11-2024,36484
T029,C098,22-08-2024,45359
T030,C061,06-06-2024,29471
T031,C003,31-12-2023,19383
T032,C029,24-05-2024,45436
T033,C032,13-04-2025,43613
T034,C075,13-03-2024,31115
T035,C071,13-04-2025,22628
T036,C055,16-01-2025,21778
T037,C046,09-10-2024,29836
T038,C035,13-07-2024,16575
T039,C030,08-12-2023,47370
T040,C025,14-01-2024,7935
T041,C096,02-08-2024,45330
T042,C024,11-02-2025,14280
T043,C095,21-07-2024,18220
T044,C093,28-09-2024,49920
T045,C068,04-01-2025,18646
T046,C013,10-01-2025,12821
T047,C038,25-11-2024,23750
T048,C023,11-07-2024,1027
T049,C091,29-05-2025,8395
T050,C036,27-11-2024,3673
T051,C071,12-08-2024,45805
T052,C017,04-01-2025,49434
T053,C063,09-11-2023,903
T054,C074,11-11-2024,30862
T055,C062,16-06-2025,22428
T056,C024,01-12-2024,16646
T057,C062,16-07-2024,4382
T058,C052,29-03-2025,4955
T059,C074,12-10-2024,10043
T060,C020,26-12-2024,5682
T061,C032,07-01-2025,36673
T062,C098,20-11-2024,39835
T063,C077,11-02-2025,40628
T064,C029,22-09-2024,25028
T065,C058,22-04-2024,19587
T066,C076,19-03-2024,20113
T067,C073,13-11-2024,4047
T068,C079,13-06-2025,6603
T069,C098,05-08-2024,41093
T070,C028,24-12-2024,43381
T071,C011,11-10-2023,15819
T072,C023,24-03-2025,5019
T073,C021,16-03-2023,26872
T074,C058,24-09-2024,30896
T075,C038,17-08-2024,15270
T076,C037,16-08-2024,46170
T077,C059,24-12-2023,45148
T078,C030,03-05-2024,41063
T079,C076,16-07-2024,13064
T080,C055,28-10-2023,35788
T081,C029,28-01-2025,9864
T082,C035,22-06-2024,4779
T083,C008,29-11-2024,20259
T084,C077,31-01-2025,37403
T085,C037,16-08-2024,8249
T086,C060,30-05-2024,20028
T087,C090,04-08-2024,17941
T088,C065,15-02-2025,32461
T089,C057,14-10-2023,39292
T090,C006,16-04-2025,48238
T091,C042,23-01-2025,16508
T092,C004,23-08-2023,15102
T093,C087,12-05-2025,37796
T094,C076,23-08-2023,44158
T095,C035,16-08-2024,2736
T096,C098,19-07-2024,30934
T097,C067,05-08-2024,18329
T098,C024,16-06-2025,41701
T099,C063,03-11-2023,30902
T100,C045,24-11-2023,21943
T101,C042,01-04-2025,6955
T102,C021,14-02-2024,27077
T103,C089,12-06-2024,18988
T104,C085,11-06-2024,49940
T105,C071,24-11-2023,29907
T106,C012,19-11-2023,16641
T107,C042,11-09-2023,26588
T108,C066,14-11-2023,43200
T109,C070,19-11-2024,27182
T110,C007,20-07-2024,34076
T111,C047,15-04-2025,49674
T112,C064,12-12-2024,29069
T113,C098,17-05-2024,13440
T114,C035,13-08-2024,8686
T115,C037,16-08-2024,45860
T116,C063,19-11-2023,1991
T117,C081,10-09-2024,46616
T118,C021,26-01-2024,36199
T119,C002,12-12-2024,26838
T120,C012,19-08-2023,7535
T121,C060,05-01-2024,42548
T122,C020,26-12-2024,47063
T123,C038,18-04-2025,46329
T124,C035,27-07-2024,31721
T125,C061,31-01-2024,30035
T126,C071,14-03-2024,25238
T127,C025,29-07-2024,49009
T128,C018,26-11-2024,4675
T129,C036,14-01-2025,22374
T130,C065,07-12-2024,268
T131,C037,16-08-2024,38565
T132,C075,09-08-2024,32189
T133,C020,26-12-2024,35396
T134,C062,10-03-2025,21886
T135,C071,26-04-2025,24820
T136,C059,06-09-2024,12463
T137,C090,23-06-2024,37573
T138,C050,22-08-2023,27020
T139,C006,20-12-2024,48904
T140,C061,11-04-2024,25402
T141,C085,08-04-2024,32561
T142,C005,13-10-2023,33018
T143,C076,29-01-2024,6677
T144,C057,03-11-2023,34568
T145,C059,28-10-2023,47446
T146,C019,02-11-2024,43011
T147,C020,25-12-2024,30868
T148,C034,10-02-2025,40945
T149,C089,06-06-2024,42687
T150,C011,01-10-2024,21632
T151,C087,06-07-2024,25004
T152,C041,27-02-2024,47201
T153,C098,26-12-2024,35556
T154,C005,15-08-2023,15485
T155,C081,05-10-2024,15008
T156,C096,04-05-2023,28540
T157,C013,04-12-2024,41633
T158,C091,18-11-2025,6686
T159,C057,10-01-2024,45582
T160,C039,01-10-2023,3114
T161,C042,12-07-2023,19326
T162,C046,24-04-2024,28325
T163,C019,21-09-2024,34910
T164,C053,13-11-2024,11240
T165,C023,25-11-2023,40043
T166,C049,10-03-2025,44869
T167,C031,15-10-2024,38317
T168,C019,18-09-2024,30321
T169,C082,15-05-2024,30218
T170,C033,11-01-2025,715
T171,C060,17-02-2024,44507
T172,C070,16-06-2024,4940
T173,C057,11-07-2024,38607
T174,C039,09-11-2024,45340
T175,C033,10-06-2024,19899
T176,C026,26-03-2024,31767
T177,C014,26-11-2023,25093
T178,C074,20-11-2024,37770
T179,C038,25-07-2025,19448
T180,C003,01-08-2025,26039
T181,C036,23-11-2024,37188
T182,C088,25-07-2024,39841
T183,C096,23-06-2024,18856
T184,C100,15-08-2024,39884
T185,C046,05-02-2024,41821
T186,C025,08-11-2023,44517
T187,C097,05-09-2024,43300
T188,C088,17-08-2024,41272
T189,C013,27-09-2024,42458
T190,C006,11-12-2024,28989
T191,C005,13-06-2024,48095
T192,C017,30-03-2024,19440
T193,C042,14-07-2024,11610
T194,C026,18-11-2023,35450
T195,C047,27-02-2025,32985
T196,C035,25-06-2024,16940
T197,C062,18-01-2025,49026
T198,C044,01-09-2023,30792
T199,C010,21-06-2024,49524
T200,C029,16-05-2024,36624
T201,C047,17-07-2024,25958
T202,C002,21-02-2024,35264
T203,C016,03-05-2025,24255
T204,C087,11-02-2025,44162
T205,C034,16-06-2025,25070
T206,C082,12-09-2024,7200
T207,C087,03-09-2023,30998
T208,C004,14-02-2025,36892
T209,C042,29-01-2025,14607
T210,C083,25-07-2023,41741
T211,C060,02-06-2024,19904
T212,C084,28-04-2024,7746
T213,C018,04-10-2023,2538
T214,C039,18-01-2025,7710
T215,C013,10-03-2024,35328
T216,C018,27-03-2024,29829
T217,C048,13-07-2024,27567
T218,C076,27-08-2024,47718
T219,C020,26-12-2024,43020
T220,C013,10-01-2025,32169
T221,C079,25-12-2024,18433
T222,C005,19-06-2024,14338
T223,C057,21-10-2024,15573
T224,C047,21-07-2024,45036
T225,C048,15-07-2024,42359
T226,C046,16-11-2023,26192
T227,C036,16-12-2024,8105
T228,C059,14-01-2024,43535
T229,C028,30-11-2025,1499
T230,C007,21-07-2024,16062
T231,C017,21-03-2025,37100
T232,C027,12-04-2024,36420
T233,C027,26-06-2024,15369
T234,C043,11-08-2025,9770
T235,C077,24-07-2024,18271
T236,C019,23-08-2024,35503
T237,C033,26-05-2025,11535
T238,C015,19-11-2024,8737
T239,C002,27-05-2024,15693
T240,C076,25-01-2024,1134
T241,C023,03-06-2024,3534
T242,C017,26-02-2025,27688
T243,C068,03-09-2024,48967
T244,C009,09-05-2024,29478
T245,C100,16-08-2024,33735
T246,C076,07-10-2023,29722
T247,C065,25-11-2024,40411
T248,C006,03-12-2024,30118
T249,C083,22-06-2023,4086
T250,C062,07-05-2025,28036
T251,C088,09-08-2024,32230
T252,C092,15-08-2024,4916
T253,C011,03-01-2024,39965
T254,C019,06-08-2024,8370
T255,C036,02-01-2025,25062
T256,C077,06-12-2024,19426
T257,C059,13-03-2025,39777
T258,C056,19-12-2024,46091
T259,C015,15-08-2025,47340
T260,C028,12-06-2025,29693
T261,C030,03-10-2024,22312
T262,C059,24-11-2024,27362
T263,C094,17-01-2024,20583
T264,C055,18-05-2024,43688
T265,C033,18-03-2024,10103
T266,C088,11-11-2024,4499
T267,C012,29-03-2023,6209
T268,C056,19-12-2024,48897
T269,C095,17-07-2024,8627
T270,C072,04-12-2024,38534
T271,C072,11-04-2025,21703
T272,C086,13-12-2024,27022
T273,C046,20-09-2024,49270
T274,C055,24-08-2023,18950
T275,C077,11-10-2024,23145
T276,C014,09-11-2024,33353
T277,C028,03-09-2024,43139
T278,C062,06-11-2024,7192
T279,C045,04-07-2024,36555
T280,C048,08-12-2023,18356
T281,C074,03-11-2024,28222
T282,C072,10-04-2025,1820
T283,C078,16-10-2025,45547
T284,C035,07-06-2024,11923
T285,C035,13-07-2024,22370
T286,C045,02-05-2023,11988
T287,C019,12-12-2024,43179
T288,C052,22-01-2024,9397
T289,C095,06-07-2024,6113
T290,C096,28-07-2024,14198
T291,C049,17-08-2024,29830
T292,C044,27-11-2023,24351
T293,C040,04-05-2024,37297
T294,C077,14-08-2024,3547
T295,C020,25-12-2024,49542
T296,C080,30-04-2024,44269
T297,C011,09-12-2023,29139
T298,C085,17-06-2024,31928
T299,C078,28-06-2025,27243
T300,C035,01-07-2024,49575
T301,C066,08-03-2024,22721
T302,C056,19-12-2024,18662
T303,C087,01-12-2024,38971
T304,C063,13-06-2024,43821
T305,C040,13-12-2023,14551
T306,C051,18-09-2025,3690
T307,C001,01-03-2024,19853
T308,C028,16-08-2024,16845
T309,C038,15-01-2025,7963
T310,C001,26-12-2024,49056
T311,C056,19-12-2024,8566
T312,C049,11-12-2024,46215
T313,C030,31-12-2024,36716
T314,C086,14-12-2024,4823
T315,C051,26-02-2024,28688
T316,C003,09-01-2025,5202
T317,C041,01-02-2024,28233
T318,C074,26-11-2024,46597
T319,C082,29-10-2024,19073
T320,C015,01-06-2025,1466
T321,C042,07-11-2023,40609
T322,C059,17-10-2024,5875
T323,C056,19-12-2024,16045
T324,C056,20-12-2024,34438
T325,C011,10-02-2024,20434
T326,C096,14-01-2024,14620
T327,C043,16-08-2025,11118
T328,C010,07-08-2024,41599
T329,C015,04-08-2025,33520
T330,C025,17-02-2024,23109
T331,C094,02-08-2025,9779
T332,C031,27-03-2024,9697
T333,C033,19-09-2023,11470
T334,C078,31-01-2025,49921
T335,C098,29-05-2024,11709
T336,C099,23-09-2024,32482
T337,C060,16-06-2024,37044
T338,C098,11-02-2025,29519
T339,C088,04-12-2024,42239
T340,C082,24-07-2024,41205
T341,C041,29-06-2023,28920
T342,C009,09-05-2024,29080
T343,C081,13-10-2024,18101
T344,C076,10-09-2023,23164
T345,C065,18-10-2024,20442
T346,C060,30-03-2024,2564
T347,C008,20-01-2025,18913
T348,C010,24-08-2024,6017
T349,C079,31-03-2025,33331
T350,C050,17-12-2023,38132
T351,C071,29-11-2023,29573
T352,C074,30-10-2024,21171
T353,C078,15-07-2025,32957
T354,C020,25-12-2024,29625
T355,C014,06-07-2025,22607
T356,C092,13-08-2023,33166
T357,C083,14-11-2023,2665
T358,C032,20-06-2025,28897
T359,C068,16-12-2024,40064
T360,C021,20-03-2024,24535
T361,C037,16-08-2024,26889
T362,C100,16-08-2024,44592
T363,C077,06-08-2024,41445
T364,C083,28-04-2024,4419
T365,C043,15-09-2023,36666
T366,C087,06-02-2024,18721
T367,C033,11-03-2025,43128
T368,C078,29-01-2025,21947
T369,C011,16-05-2024,43590
T370,C019,18-10-2024,20431
T371,C084,19-02-2025,43493
T372,C051,25-05-2024,39096
T373,C091,22-12-2025,5652
T374,C040,30-05-2024,42271
T375,C043,19-10-2023,44016
T376,C090,04-09-2024,6224
T377,C083,28-07-2024,33424
T378,C047,10-06-2024,23863
T379,C040,20-02-2024,14137
T380,C044,30-09-2025,12683
T381,C029,24-08-2023,10254
T382,C010,10-07-2024,6728
T383,C065,15-04-2025,35474
T384,C095,22-07-2024,2573
T385,C085,26-05-2024,40603
T386,C017,14-12-2024,24788
T387,C020,25-12-2024,11951
T388,C089,30-06-2024,41042
T389,C022,06-10-2024,28783
T390,C006,25-03-2025,23974
T391,C087,12-01-2025,15666
T392,C057,09-04-2025,18773
T393,C097,19-09-2024,29520
T394,C030,03-02-2025,15774
T395,C040,17-07-2024,12815
T396,C048,23-05-2024,30356
T397,C099,17-09-2024,25126
T398,C065,12-02-2025,27537
T399,C021,27-06-2025,13187
T400,C078,23-01-2025,16484
T401,C007,21-07-2024,24427
T402,C071,31-01-2024,46722
T403,C067,15-09-2023,18781
T404,C011,16-08-2024,10606
T405,C035,31-07-2024,33743
T406,C019,09-11-2024,6110
T407,C029,10-07-2024,23010
T408,C004,19-07-2024,3590
T409,C051,11-06-2025,24607
T410,C031,19-08-2024,5448
T411,C048,02-02-2024,1947
T412,C041,01-08-2024,6593
T413,C092,14-03-2025,22073
T414,C019,25-08-2024,2610
T415,C037,16-08-2024,45717
T416,C018,03-10-2024,46338
T417,C061,15-05-2024,40427
T418,C001,25-10-2023,1345
T419,C033,07-10-2023,9898
T420,C071,31-10-2025,40003
T421,C068,21-11-2024,7386
T422,C100,16-08-2024,15673
T423,C039,04-01-2024,3229
T424,C031,05-09-2024,41974
T425,C080,25-11-2024,4216
T426,C015,19-07-2025,39207
T427,C069,29-10-2023,41515
T428,C066,23-06-2025,15955
T429,C092,13-10-2023,19188
T430,C055,04-07-2023,40392
T431,C046,16-02-2024,37499
T432,C054,16-12-2023,43640
T433,C086,13-12-2024,34407
T434,C047,05-07-2024,34575
T435,C070,12-12-2024,33367
T436,C071,07-11-2023,25688
T437,C061,21-10-2023,41759
T438,C050,02-11-2023,16723
T439,C096,17-02-2023,23502
T440,C009,01-05-2024,15902
T441,C094,16-07-2025,6893
T442,C099,22-09-2024,48281
T443,C097,19-02-2024,8843
T444,C006,24-01-2025,35883
T445,C044,02-01-2024,44971
T446,C060,01-06-2024,31461
T447,C081,12-08-2024,8937
T448,C009,24-05-2024,30094
T449,C005,01-04-2024,13311
T450,C006,21-08-2024,2846
T451,C041,02-08-2024,20421
T452,C066,24-12-2024,35688
T453,C061,05-02-2024,2499
T454,C097,29-07-2024,12624
T455,C037,16-08-2024,3232
T456,C084,09-02-2024,18005
T457,C016,20-03-2025,28736
T458,C052,04-02-2025,25439
T459,C044,26-01-2024,32619
T460,C089,12-06-2024,24174
T461,C067,08-02-2024,5514
T462,C094,19-12-2024,5272
T463,C056,19-12-2024,35848
T464,C038,12-01-2025,6823
T465,C011,06-01-2024,43414
T466,C038,04-01-2025,29323
T467,C078,16-11-2025,28025
T468,C022,02-10-2024,29191
T469,C045,13-12-2023,2875
T470,C094,07-10-2024,40394
T471,C056,20-12-2024,42008
T472,C008,06-11-2024,44086
T473,C082,17-10-2024,23909
T474,C066,24-04-2024,2140
T475,C019,23-12-2024,44539
T476,C057,28-08-2023,8372
T477,C009,24-04-2024,42381
T478,C047,03-12-2024,25190
T479,C073,22-03-2023,39755
T480,C020,26-12-2024,24411
T481,C048,25-05-2024,5138
T482,C074,23-10-2024,34798
T483,C047,21-12-2024,20703
T484,C084,17-12-2023,16458
T485,C015,19-11-2024,48313
T486,C024,18-07-2025,34030
T487,C050,04-08-2024,36909
T488,C016,25-01-2025,17158
T489,C091,14-04-2025,14162
T490,C079,24-10-2024,45580
T491,C063,29-12-2023,8137
T492,C018,20-11-2024,4953
T493,C058,20-07-2023,46851
T494,C057,21-10-2023,44790
T495,C041,19-03-2024,22868
T496,C091,01-10-2024,36144
T497,C070,23-08-2024,19757
T498,C021,11-03-2025,46601
T499,C090,03-10-2024,11509
T500,C047,16-02-2025,14795
T501,C016,24-12-2024,9201
T502,C031,13-10-2024,1822
T503,C047,11-03-2025,37604
T504,C048,06-06-2024,36252
T505,C017,22-12-2024,5750
T506,C009,28-04-2024,26193
T507,C092,24-05-2025,31469
T508,C068,18-11-2024,26932
T509,C074,15-10-2024,8313
T510,C041,06-03-2024,4960
T511,C058,16-05-2024,44671
T512,C067,27-04-2024,8510
T513,C100,15-08-2024,8556
T514,C056,19-12-2024,8237
T515,C067,14-10-2023,20031
T516,C022,26-07-2024,21245
T517,C091,22-12-2024,22776
T518,C067,25-02-2024,5268
T519,C033,18-09-2023,41719
T520,C071,25-07-2024,8303
T521,C081,13-10-2024,40367
T522,C069,07-12-2023,33036
T523,C083,10-11-2023,38884
T524,C075,24-11-2023,11319
T525,C085,02-08-2024,22226
T526,C073,31-03-2023,1959
T527,C011,15-08-2023,42138
T528,C099,22-09-2024,17444
T529,C084,08-10-2023,37595
T530,C054,09-07-2023,32739
T531,C081,06-10-2024,42168
T532,C039,08-01-2025,16148
T533,C088,24-10-2024,19592
T534,C059,26-12-2023,45228
T535,C008,27-11-2024,28909
T536,C054,15-10-2024,30537
T537,C027,29-08-2024,39858
T538,C019,09-10-2024,47178
T539,C041,22-04-2024,22734
T540,C052,24-03-2024,49950
T541,C048,30-06-2024,36908
T542,C014,18-02-2024,15942
T543,C060,06-01-2024,17629
T544,C058,05-10-2023,9332
T545,C013,06-12-2023,19119
T546,C050,10-07-2024,40429
T547,C054,17-02-2024,10566
T548,C042,27-12-2024,47359
T549,C041,19-07-2023,10542
T550,C064,13-11-2024,30693
T551,C064,21-09-2024,32695
T552,C003,28-12-2023,25871
T553,C065,25-01-2025,15876
T554,C028,16-11-2025,23227
T555,C007,20-07-2024,18538
T556,C064,04-12-2024,42977
T557,C087,02-05-2024,18826
T558,C069,25-10-2023,7144
T559,C056,19-12-2024,17432
T560,C094,20-10-2024,26527
T561,C047,24-06-2024,26352
T562,C007,20-07-2024,23858
T563,C071,08-08-2024,4918
T564,C050,08-01-2024,29614
T565,C098,27-01-2025,18431
T566,C080,11-02-2025,7886
T567,C017,02-04-2024,25914
T568,C048,01-04-2024,36658
T569,C047,22-06-2025,9554
T570,C026,16-07-2024,33465
T571,C052,07-04-2025,2738
T572,C006,09-03-2024,9080
T573,C092,24-04-2024,31147
T574,C067,20-08-2024,9860
T575,C078,04-08-2025,9260
T576,C042,01-02-2025,20975
T577,C021,19-04-2024,40502
T578,C095,15-07-2024,39010
T579,C044,12-11-2025,33504
T580,C069,27-06-2024,46547
T581,C073,20-12-2023,31222
T582,C003,08-10-2024,21808
T583,C087,29-04-2023,27398
T584,C075,11-02-2024,47634
T585,C089,21-06-2024,1846
T586,C077,22-11-2024,17501
T587,C084,16-05-2025,38010
T588,C074,04-11-2024,47377
T589,C007,21-07-2024,11274
T590,C068,13-01-2025,47363
T591,C080,16-10-2024,9784
T592,C088,13-09-2024,2169
T593,C074,20-10-2024,12603
T594,C003,21-12-2024,20658
T595,C054,10-11-2023,27163
T596,C089,25-05-2024,26994
T597,C065,16-04-2025,40173
T598,C061,30-10-2023,46353
T599,C018,02-06-2024,13688
T600,C072,10-02-2025,43499
T601,C062,11-09-2025,24795
T602,C041,14-08-2024,11449
T603,C059,10-04-2025,22534
T604,C070,25-09-2024,44393
T605,C099,26-09-2024,47346
T606,C088,24-12-2024,45536
T607,C034,29-06-2025,31831
T608,C025,04-11-2023,18384
T609,C072,03-02-2025,14836
T610,C039,23-06-2024,46296
T611,C027,13-11-2024,20877
T612,C062,14-03-2025,36832
T613,C093,20-04-2024,18960
T614,C016,03-07-2025,44443
T615,C070,08-10-2024,25956
T616,C045,29-08-2024,9699
T617,C038,22-08-2024,18950
T618,C092,07-08-2023,22799
T619,C057,25-05-2025,16906
T620,C096,05-06-2024,14123
T621,C026,08-11-2024,35396
T622,C035,14-08-2024,45724
T623,C035,21-06-2024,7258
T624,C079,14-06-2025,38558
T625,C031,07-06-2024,3426
T626,C086,13-12-2024,41908
T627,C030,29-09-2023,6666
T628,C053,14-11-2024,47112
T629,C061,19-11-2023,44742
T630,C099,15-09-2024,439
T631,C071,27-03-2024,26767
T632,C084,06-07-2024,31390
T633,C084,27-09-2023,49639
T634,C037,16-08-2024,18804
T635,C083,21-07-2023,5962
T636,C084,14-10-2024,15318
T637,C069,02-11-2024,47490
T638,C005,02-12-2023,27486
T639,C023,13-10-2023,26117
T640,C064,21-08-2024,49186
T641,C038,23-10-2025,2555
T642,C002,27-03-2024,37321
T643,C078,07-01-2025,22057
T644,C037,16-08-2024,42129
T645,C070,21-12-2024,32469
T646,C018,19-11-2024,33144
T647,C060,13-02-2024,12736
T648,C015,24-04-2025,10749
T649,C094,23-01-2025,42586
T650,C033,05-03-2025,12302
T651,C002,06-05-2024,19434
T652,C073,07-01-2025,49729
T653,C025,23-08-2023,40139
T654,C082,17-10-2024,28129
T655,C066,13-10-2024,5784
T656,C052,17-02-2024,12209
T657,C018,12-05-2024,21307
T658,C032,11-11-2024,17190
T659,C050,23-08-2023,29377
T660,C097,16-01-2024,21702
T661,C039,13-09-2023,17241
T662,C084,09-03-2024,45501
T663,C031,06-03-2024,43864
T664,C016,09-05-2025,20206
T665,C021,02-05-2024,45062
T666,C065,29-03-2025,20480
T667,C089,19-05-2024,41958
T668,C038,05-02-2025,40380
T669,C029,16-11-2023,8853
T670,C062,25-08-2024,29917
T671,C096,13-10-2024,24585
T672,C054,21-12-2024,30956
T673,C097,03-06-2024,43622
T674,C028,07-12-2024,44686
T675,C097,03-07-2024,5465
T676,C068,27-11-2024,34714
T677,C091,02-03-2025,5218
T678,C073,11-06-2023,4147
T679,C071,18-03-2025,13348
T680,C074,13-12-2024,9920
T681,C022,16-08-2024,34201
T682,C057,20-11-2023,44683
T683,C027,13-11-2024,6059
T684,C066,11-02-2025,3746
T685,C059,25-02-2024,33736
T686,C054,17-09-2024,37056
T687,C008,10-03-2025,30402
T688,C087,12-04-2025,20296
T689,C093,13-12-2023,26048
T690,C033,14-06-2025,297
T691,C096,12-09-2023,38000
T692,C010,08-06-2024,27867
T693,C045,21-04-2024,4278
T694,C070,27-04-2024,4623
T695,C061,15-10-2023,18914
T696,C053,13-11-2024,8975
T697,C099,23-09-2024,47894
T698,C083,25-07-2024,24640
T699,C049,16-09-2024,24839
T700,C049,05-09-2023,44843
T701,C085,17-07-2024,8815
T702,C084,26-02-2024,7874
T703,C023,09-03-2025,25859
T704,C068,06-09-2024,47800
T705,C029,09-04-2023,49656
T706,C003,28-07-2024,30443
T707,C087,12-01-2025,35780
T708,C055,28-12-2024,24956
T709,C030,16-04-2024,30287
T710,C045,17-07-2023,18164
T711,C025,20-06-2023,2211
T712,C085,16-06-2024,40399
T713,C099,13-09-2024,15872
T714,C027,11-04-2024,6712
T715,C077,01-08-2024,29357
T716,C077,12-01-2025,46190
T717,C007,20-07-2024,48632
T718,C006,16-03-2025,28867
T719,C030,09-02-2025,14338
T720,C097,03-10-2024,3799
T721,C018,25-05-2024,19057
T722,C030,18-03-2025,20999
T723,C074,16-11-2024,15625
T724,C039,26-01-2024,43367
T725,C067,23-12-2023,27203
T726,C039,09-06-2024,4094
T727,C072,02-01-2025,41125
T728,C087,19-03-2024,36528
T729,C064,17-07-2024,22671
T730,C083,15-06-2024,34471
T731,C041,03-04-2024,27384
T732,C053,13-11-2024,19753
T733,C049,20-12-2023,49541
T734,C069,19-06-2024,15892
T735,C029,07-02-2024,46471
T736,C019,16-11-2024,3876
T737,C072,04-03-2025,27396
T738,C072,03-04-2025,8887
T739,C050,27-08-2023,16811
T740,C027,24-08-2024,42482
T741,C011,09-03-2024,24418
T742,C012,02-07-2024,47586
T743,C025,18-04-2023,17693
T744,C049,04-05-2025,39747
T745,C078,04-12-2024,4869
T746,C025,05-10-2023,31517
T747,C027,25-08-2024,19969
T748,C002,29-12-2023,12553
T749,C095,09-07-2024,49047
T750,C097,04-05-2024,15998
T751,C090,24-09-2024,46222
T752,C027,27-09-2024,15784
T753,C071,11-09-2024,18650
T754,C049,04-10-2024,35073
T755,C084,08-03-2024,20312
T756,C034,21-02-2025,33707
T757,C064,01-11-2024,6562
T758,C093,29-07-2024,21086
T759,C027,13-09-2024,20607
T760,C053,13-11-2024,36965
T761,C029,02-09-2023,1162
T762,C034,31-05-2025,38375
T763,C075,09-09-2024,27466
T764,C038,18-10-2024,12957
T765,C043,01-02-2024,24993
T766,C073,26-10-2023,32822
T767,C071,18-08-2025,44982
T768,C044,19-06-2024,32122
T769,C093,25-10-2024,48570
T770,C063,10-05-2024,11125
T771,C094,06-10-2024,11192
T772,C018,13-09-2024,35918
T773,C063,21-12-2023,35629
T774,C083,21-07-2023,34437
T775,C005,21-08-2023,43892
T776,C007,20-07-2024,27126
T777,C018,15-11-2024,41433
T778,C030,15-10-2023,46445
T779,C020,25-12-2024,14434
T780,C065,24-01-2025,24558
T781,C008,25-03-2025,41894
T782,C086,14-12-2024,43306
T783,C063,26-09-2023,533
T784,C069,29-07-2024,27057
T785,C002,13-06-2023,34795
T786,C093,20-04-2024,35210
T787,C037,15-08-2024,33013
T788,C090,11-08-2024,11848
T789,C014,05-07-2023,34466
T790,C020,25-12-2024,12678
T791,C080,30-12-2024,16642
T792,C046,29-02-2024,26111
T793,C011,30-01-2024,26709
T794,C059,13-05-2025,16038
T795,C090,19-06-2024,19759
T796,C088,02-08-2024,42943
T797,C084,22-04-2025,2176
T798,C012,20-02-2024,24955
T799,C049,31-12-2024,31295
T800,C008,30-03-2025,719
T801,C090,05-06-2024,5518
T802,C064,24-10-2024,42364
T803,C043,10-01-2025,6349
T804,C068,28-03-2025,2888
T805,C030,10-03-2024,45469
T806,C073,17-06-2024,17866
T807,C006,15-04-2024,44954
T808,C036,26-11-2024,11854
T809,C041,21-04-2023,13676
T810,C076,25-10-2023,49399
T811,C092,05-09-2025,26202
T812,C010,11-07-2024,10746
T813,C073,21-10-2023,37238
T814,C050,05-04-2024,35526
T815,C043,08-07-2024,49619
T816,C095,10-07-2024,45274
T817,C093,11-01-2024,32919
T818,C096,21-01-2024,3619
T819,C013,21-06-2024,15313
T820,C010,16-07-2024,39760
T821,C099,22-09-2024,39133
T822,C051,13-12-2024,2041
T823,C082,03-06-2024,29627
T824,C063,12-01-2024,23418
T825,C071,05-11-2024,28401
T826,C024,18-05-2025,5716
T827,C099,22-09-2024,19457
T828,C032,15-12-2024,5476
T829,C035,23-06-2024,25003
T830,C092,29-07-2025,41643
T831,C020,26-12-2024,20853
T832,C047,25-07-2024,6097
T833,C001,15-06-2024,29246
T834,C047,25-06-2025,17779
T835,C014,11-08-2023,5821
T836,C024,13-06-2025,29515
T837,C072,10-04-2025,33683
T838,C053,13-11-2024,1821
T839,C012,29-12-2023,36421
T840,C012,03-09-2024,39293
T841,C042,13-06-2024,908
T842,C038,28-02-2025,25514
T843,C100,15-08-2024,47603
T844,C072,20-01-2025,37583
T845,C067,31-10-2023,45012
T846,C049,05-12-2023,9199
T847,C035,12-07-2024,17690
T848,C064,11-08-2024,4246
T849,C022,30-08-2024,18185
T850,C054,09-04-2024,31834
T851,C010,19-07-2024,16595
T852,C032,24-09-2025,32592
T853,C077,28-12-2024,12915
T854,C059,30-01-2024,8979
T855,C039,08-09-2023,26032
T856,C043,07-03-2025,24996
T857,C043,03-09-2024,22037
T858,C056,19-12-2024,19789
T859,C042,22-01-2025,45666
T860,C026,14-05-2024,20690
T861,C023,17-10-2024,21015
T862,C038,12-08-2025,45644
T863,C082,12-01-2025,37840
T864,C032,23-04-2025,24745
T865,C036,11-01-2025,24021
T866,C015,21-08-2025,13194
T867,C076,18-05-2024,11891
T868,C088,30-11-2024,1863
T869,C094,26-01-2025,46523
T870,C027,18-10-2024,19192
T871,C089,16-05-2024,26913
T872,C087,01-06-2024,9221
T873,C082,04-07-2024,15961
T874,C033,03-01-2025,10201
T875,C092,25-07-2024,24806
T876,C010,30-07-2024,39286
T877,C062,06-05-2025,35120
T878,C065,26-03-2025,27513
T879,C070,15-04-2024,23662
T880,C090,07-09-2024,39016
T881,C082,24-11-2023,7267
T882,C099,16-09-2024,43196
T883,C086,14-12-2024,11001
T884,C083,06-07-2023,37011
T885,C083,04-07-2024,49427
T886,C043,24-08-2024,7043
T887,C002,04-09-2023,17056
T888,C029,09-09-2024,49045
T889,C067,02-12-2024,38144
T890,C089,17-06-2024,14585
T891,C058,12-02-2024,25733
T892,C060,20-06-2024,44635
T893,C076,31-07-2024,32898
T894,C020,26-12-2024,1709
T895,C062,07-07-2024,19461
T896,C054,03-09-2023,7706
T897,C094,05-03-2024,22928
T898,C040,13-05-2024,29940
T899,C027,29-11-2024,31749
T900,C045,28-12-2023,6497
T901,C057,01-08-2025,45763
T902,C058,17-12-2023,4502
T903,C039,17-10-2023,46681
T904,C015,17-11-2024,22583
T905,C083,10-09-2023,44477
T906,C022,08-10-2024,16085
T907,C067,05-11-2023,36269
T908,C021,15-02-2024,36790
T909,C055,18-10-2024,15294
T910,C052,18-05-2024,12315
T911,C082,13-11-2024,26024
T912,C004,15-06-2025,40346
T913,C026,29-04-2024,38910
T914,C055,04-08-2024,391
T915,C091,16-12-2024,13586
T916,C036,30-11-2024,37937
T917,C014,24-06-2025,35285
T918,C024,11-05-2025,21463
T919,C026,03-05-2024,7568
T920,C034,30-07-2025,32178
T921,C068,15-01-2025,20639
T922,C077,31-10-2024,40162
T923,C051,06-09-2025,7586
T924,C045,26-10-2023,30106
T925,C080,02-07-2024,44244
T926,C091,12-10-2025,19593
T927,C079,29-03-2025,5654
T928,C087,24-05-2023,20624
T929,C016,13-01-2025,20113
T930,C015,07-02-2025,24564
T931,C089,21-05-2024,33577
T932,C050,25-11-2023,39187
T933,C018,01-07-2024,25246
T934,C055,09-01-2024,31994
T935,C082,01-03-2025,45544
T936,C083,15-11-2023,36466
T937,C022,06-09-2024,19029
T938,C018,15-12-2023,20716
T939,C058,20-10-2024,3613
T940,C046,20-10-2023,31859
T941,C018,19-12-2023,25262
T942,C072,28-03-2025,42899
T943,C064,17-10-2024,44972
T944,C063,17-04-2024,46639
T945,C057,05-12-2024,11061
T946,C011,07-05-2024,2122
T947,C098,11-08-2024,19242
T948,C005,13-03-2024,14835
T949,C069,16-03-2024,11123
T950,C100,16-08-2024,37170
T951,C096,22-06-2024,36126
T952,C066,07-03-2024,37633
T953,C015,23-03-2025,35693
T954,C047,05-03-2025,49696
T955,C006,25-04-2025,35905
T956,C028,07-06-2025,6811
T957,C095,13-07-2024,19610
T958,C005,08-09-2024,17323
T959,C045,13-07-2024,5800
T960,C057,21-11-2023,15628
T961,C027,03-09-2024,46679
T962,C079,19-04-2025,28160
T963,C022,22-09-2024,9224
T964,C027,21-06-2024,3990
T965,C073,11-02-2024,34983
T966,C036,13-12-2024,21310
T967,C091,25-01-2025,19061
T968,C074,09-11-2024,33812
T969,C087,20-04-2025,6340
T970,C018,15-01-2025,49258
T971,C053,13-11-2024,18274
T972,C084,14-07-2023,46068
T973,C017,19-06-2024,9684
T974,C092,12-04-2024,16323
T975,C098,08-11-2024,32177
T976,C019,15-12-2024,41545
T977,C035,27-07-2024,24687
T978,C058,12-04-2023,41625
T979,C099,14-09-2024,26501
T980,C066,23-08-2024,45628
T981,C048,30-05-2024,32084
T982,C042,31-12-2024,262
T983,C100,15-08-2024,48002
T984,C059,13-10-2024,4250
T985,C069,11-05-2024,14375
T986,C055,04-02-2024,32521
T987,C035,15-07-2024,18685
T988,C044,03-10-2023,37202
T989,C063,11-03-2024,44831
T990,C098,15-05-2024,3110
T991,C013,26-09-2024,30219
T992,C003,01-02-2024,10453
T993,C057,02-11-2024,144
T994,C055,26-01-2024,45227
T995,C017,09-05-2025,42698
T996,C039,11-02-2024,18058
T997,C012,01-11-2024,23721
T998,C033,24-05-2023,24469
T999,C086,13-12-2024,3493
T1000,C051,15-10-2025,20121
